annual_income,monthly_debt,credit_score,loan_amount,loan_term_months,employment_length_years,number_of_open_accounts,delinquencies_2y,inquiries_6m,debt_to_income_ratio,home_ownership_MORTGAGE,home_ownership_OWN,home_ownership_RENT,purpose_car,purpose_debt_consolidation,purpose_home_improvement,default
-1.0933271415320285,-1.192166029762501,-1.135549947915337,-1.0690449676496978,-1.2247448713915892,-1.0690449676496974,-1.2247448713915892,-0.7071067811865475,1.224744871391589,0.7071067811865475,0.0,0.0,1.0,0.0,1.0,0.0,0
-0.23017413505937456,-0.06274558051381571,-0.16222142113076163,-0.26726124191242456,0.0,-0.2672612419124243,1.2247448713915892,1.4142135623730951,0.0,0.7071067811865475,1.0,0.0,0.0,0.0,0.0,1.0,0
1.3235012765914027,1.2549116102763171,1.2977713690461015,1.3363062095621216,1.2247448713915892,1.3363062095621219,0.0,-0.7071067811865475,-1.224744871391589,-1.414213562373095,0.0,1.0,0.0,1.0,0.0,0.0,0
